Company,Valuation (US$ billions),Valuation date,Industry,Country,Founder(s)
SpaceX ,350,December 2024[22] ,Aerospace ,United States ,Elon Musk
ByteDance ,315,March 2025 [23] ,Internet ,China ,"Zhang Yiming, Liang Rubo"
OpenAI ,300,March 2025[24] ,Artificial intelligence ,United States ,"Sam Altman, Greg Brockman, Ilya Sutskever"
xAI ,113,March 2025[25] ,Artificial Intelligence ,United States ,Elon Musk
Stripe ,91.5,February 2025 [26] ,Financial services ,United States and Ireland ,Patrick and John Collison
Binance ,80-90 ,September 2021[13] ,Cryptocurrency ,Canada ,Changpeng Zhao
Shein ,66,May 2023 [13] ,E-commerce ,China ,Chris Xu
Databricks ,62,December 2024 [27] ,Software ,United States ,Ali Ghodsi
Anthropic ,61.5,March 2025[28] ,Artificial Intelligence ,United States ,Dario Amodei
Safe Superintelligence ,32,April 2025[29] ,Artificial Intelligence ,United States and Israel ,"Ilya Sutskever, Daniel Gross, Daniel Levy"
Epic Games ,31.5,June 2022[13] ,Video games ,United States ,Tim Sweeney
Telegram ,30,January 2021[30] ,Internet ,United Arab Emirates ,Nikolai and Pavel Durov
Canva ,32,October 2024 [31] ,Graphic design ,Australia ,"Melanie Perkins, Clifford Obrecht, Cameron Adams"
Anduril Industries ,30.5,June 2025[32] ,Defense technology ,United States ,Palmer Luckey
Scale AI ,29,June 2025[33] ,Artificial intelligence ,United States ,"Alexandr Wang, Lucy Guo"
Fanatics ,27,June 2022[13] ,E-commerce ,United States ,"Alan Trager, Mitch Trager, Michael Rubin[34]"
Chime ,25,June 2022[13] ,Financial services ,United States ,Chris Britt and Ryan King
Perplexity AI ,18,March 2025 [35] ,Artificial Intelligence ,United States ,"Aravind Srinivas, Denis Yarats, Johnny Ho, Andy Konwinski"
Revolut ,17.75,April 2023[36] ,Financial technology ,United Kingdom ,"Nikolay Storonsky, Vlad Yatsenko"
Miro ,17.5,January 2022[37] ,Software ,United States ,Andrey Khusid
Nature's Fynd ,17,July 2021[38] ,Consumer packaged goods ,United States ,"Thomas Jonas, Mark Kozubal, Yuval Avniel, Rich Macur, Daniel Livny, Matthew Strongin"
Trendyol ,16.5,May 2021[39] ,E-commerce ,Turkey ,Demet Mutlu
Yuanfudao ,15.5,October 2020[40] ,Educational technology ,China ,Yong Li
Discord ,15,September 2021[41] ,Software ,United States ,"Jason Citron, Stanislav Vishnevsky"
DJI ,15,September 2016[1] ,Technology ,China ,Frank Wang (Wang Tao)
GoPuff ,15,July 2021[42] ,E-commerce ,United States ,"Yakir Gola, Rafael Ilishayev"
Xiaohongshu ,14,September 2023[43] ,E-commerce ,China ,"Miranda Qu Fang, Charlwin Mao Wenchao"
Plaid ,13.4,April 2021[44] ,Financial technology ,United States ,"Zach Perret, William Hockey"
Grammarly ,13,November 2021[45] ,Collaborative software ,Ukraine[46]/United States[47] ,"Alex Shevchenko, Max Lytvyn, and Dmytro Lider"
Devoted Health ,12.6,October 2021[48] ,Healthcare ,United States ,Todd Park
Faire ,12.4,November 2021[49] ,E-commerce ,United States ,Max Rhodes
Brex ,12.3,October 2021[50] ,Finance ,United States ,Henrique Dubugras and Pedro Franceschi
Biosplice Therapeutics ,12,April 2021[51] ,Health ,United States ,Osman Kibar
Bitmain ,12,06/01/18,Cryptocurrency ,China ,Jihan Wu
GoodLeap ,12,October 2021[52] ,Financial technology ,United States ,"Hayes Barnard, Jason Walker, Matt Dawson"
SenseTime ,12,January 2021[53] ,Artificial intelligence ,China / Hong Kong ,Tang Xiao'ouXu Li
Getir ,12,March 2022[54] ,Retail ,Turkey ,Nazım Salur
Northvolt ,11.75,June 2021[55] ,Batteries ,Sweden ,"Peter Carlsson, Paolo Cerrutim, Harald Mix, Carl-Erik Lagercrantz"
Rippling ,11.25,March 2023[56] ,Workforce management ,United States ,Parker Conrad
Airtable ,11,December 2021[57] ,Collaborative software ,United States ,"Howie Liu, Andrew Ofstad, Emmett Nicholas"
Checkout.com ,11,December 2022[13] ,Financial technology ,United Kingdom ,Guillaume Pousaz
Celonis ,11,June 2021[58] ,Software ,Germany ,"Alex Rinke, Bastian Nominacher, Martin Klenk"
ZongMu Technology ,11,June 2021[59] ,Self-driving cars ,China ,Tang Rui[60]
Bolt Financial ,11,January 2022[61] ,Financial technology ,United States ,Ryan Breslow
Colossal Biosciences ,10.2,January 2025 [62] ,Biotechnology ,United States ,"George Churchm, Ben Lamm"
Alchemy ,10.2,January 2022 [63] ,Blockchain ,United States ,Joe Lau and Nikil Viswanathan
Chehaoduo ,10,July 2021[64] ,Marketplace ,China,
Digital Currency Group ,10,November 2021[65] ,Venture capital ,United States,
Figma ,10,June 2021[66] ,Software ,United States ,Dylan Field and Evan Wallace
Gusto ,10,August 2021[67] ,Software ,United States ,Joshua Reeves and Edward Kim
KuCoin ,10,May 2022[68] ,Cryptocurrency ,Seychelles,
Lalamove ,10,January 2021[69] ,Supply chain management ,Hong Kong / China,
Notion Labs ,10,October 2021[70] ,Productivity software ,United States,
Polygon Technology ,10,February 2022[71] ,"Blockchain, Web3 ",India / Cayman Islands [72],
Ripple ,10,December 2019[73] ,Cryptocurrency ,United States,
Talkdesk ,10,August 2021[74] ,Software as a service ,Portugal / United States ,"Cristina Fonseca, Tiago Paiva"
Anysphere ,9.9,June 2025[75] ,Artificial intelligence ,United States,
Oyo ,9.6,August 2021[76] ,Hospitality ,India ,Ritesh Agarwal
Klaviyo ,9.5,May 2021[77] ,Marketing ,United States,
OutSystems ,9.5,February 2021[78] ,Software development ,Portugal[79] / United States[80] ,"Paulo Rosado, Rui Pereira"
ServiceTitan ,9.5,June 2021[81] ,Software ,United States,
HeyTea ,9.3,July 2021[82] ,Retail ,China,
Neuralink ,9,May 2025[83] ,Neurotechnology ,United States ,Elon Musk
Thinking Machines Lab ,9,March 2025[84] ,Artificial intelligence ,United States ,Mira Murati
VAST Data ,9,December 2023[85] ,Data storage ,United States,
Tanium ,9,June 2020[86] ,Cybersecurity ,United States ,"David Hindawi, Orion Hindawi"
Kavak ,8.7,October 2021[87] ,Marketplace ,Mexico,
Rapyd ,8.7,August 2021[88] ,Financial technology ,United Kingdom,
Supercell ,8.6,June 2021[89] ,Gaming ,Finland ,Ilkka Paananen and Mikko Kodisoja
Nuro ,8.6,November 2021[90] ,Robotics ,United States,
Snyk ,8.5,September 2021[91] ,Application security ,United Kingdom ,"Assaf Hefetz, Danny Grander"
Bolt ,8.4,January 2022[92] ,Transportation ,Estonia / France ,Markus Villig
Ramp ,8.1,March 2022[93] ,Financial technology ,United States,
Dream11 ,8,November 2021[94] ,Fantasy sports ,India ,"Harsh Jain, Bhavit Sheth"
Flexport ,8,February 2022[95] ,Logistics ,United States ,Ryan Petersen
StarkWare Industries ,8,May 2022 [96] ,Blockchain ,Israel ,"Eli Ben-Sasson, Michael Riabzev, Uri Kolodny, Alessandro Chiesa"
Hopin ,7.75,August 2021[97] ,Virtual event ,United Kingdom,
Dapper Labs ,7.6,September 2021[98] ,NFT ,Canada,
Netskope ,7.5,July 2021[99] ,Computer security ,India / United States ,"Sanjay Beri, Lebin Cheng, Ravi Ithal, Krishna Narayanaswamy"
Razorpay ,7.5,December 2021[100] ,Financial technology ,India ,"Harshil Mathur, Shashank Kumar"
Carta ,7.4,August 2021[101] ,Software ,United States ,Henry Ward
Ola Consumer ,7.3,December 2021[102] ,Transportation ,India ,"Bhavish Aggarwal, Ankit Bhati"
Gong ,7.25,June 2021[103] ,Artificial intelligence ,United States,
TripActions ,7.25,October 2021[104] ,Travel ,United States ,Ariel Cohen and Ilan Twig
Automation Anywhere ,6.8,November 2019[105] ,Robotic process automation ,United States,
1Password ,6.8,July 2021[106] ,Password manager ,Canada,
WeDoctor ,6.8,February 2021[107] ,Healthcare ,China,
Yanolja ,6.7,July 2021[108] ,Hospitality ,South Korea ,Lee Su-jin
Ziroom ,6.6,March 2020[109] ,Real estate technology ,China,
Klarna ,6.5,July 2022[110] ,Financial technology ,Sweden ,"Sebastian Siemiatkowski, Niklas Adalberth, Victor Jacobsson"
Mollie ,6.5,June 2021[111] ,Financial technology ,Netherlands,
CRED ,6.4,June 2022[112] ,Financial technology ,India ,Kunal Shah
DataRobot ,6.3,July 2021[113] ,Artificial intelligence ,United States,
Personio ,6.3,October 2021[114] ,Software ,Germany,
Doctolib [fr] ,6.2,August 2022[115] ,Healthcare ,France,
Lianjia (Homelink) ,6.04,April 2017[116] ,Real estate ,China,
iCapital ,6,2022[117] ,Financial services ,United States,
Wiz ,6,October 2021[118] ,Cybersecurity ,United States / Israel,
Xingsheng Youxuan ,6,January 2021[119] ,Retail ,China,
PsiQuantum ,6,March 2025[120] ,Quantum computing ,United States,"Jeremy O'Brien, Terry Rudolph, Peter Shadbolt, Mark Thompson"
SandboxAQ ,5.6,December 2024[121] ,"Quantum technology, Artificial intelligence ",United States,"Jack Hidary, Eric Schmidt"
Back Market ,5.8,August 2022[115] ,Marketplace ,France,
The Boring Company ,5.7,April 2022[122] ,Construction ,United States ,Elon Musk
Vice Media ,5.7,February 2020[123] ,Mass media ,United States,
Relex ,5.68,February 2022[124] ,Supply Chain Automation ,Finland ,"Johanna Småros, Mikko Kärkkäinen, and Michael Falck"
Contentsquare ,5.6,August 2022[115] ,Software as a service ,France,
Fivetran ,5.6,September 2021[125] ,Data infrastructure ,United States,
PharmEasy ,5.6,October 2021[126] ,Health technology ,India ,Siddharth Shah
Postman ,5.6,August 2021[127] ,Software as a service ,India / United States,
Swiggy ,5.5,January 2022[128] ,Food delivery ,India ,"Nandan Reddy, Sriharsha Majety"
Airwallex ,5.5,November 2021[129] ,Financial services ,Australia / Hong Kong,
PhonePe ,5.5,December 2020[130] ,Financial technology ,India ,"Sameer Nigam, Rahul Chari"
Cohere ,5.5,July 2024[131] ,Artificial intelligence ,Canada ,"Aidan Gomez, Ivan Zhang, Nick Frosst"
Viva Republica (Toss) ,5.48,June 2021[132] ,Financial technology ,South Korea,
Helion Energy ,5.42,January 2025[133] ,Fusion power ,United States ,"David Kirtley, John Slough, Chris Pihl, George Votroubek"
Pony.ai ,5.3,November 2020[134] ,Artificial intelligence ,China / United States ,"James Peng, Tiancheng Lou"
Trade Republic ,5.3,May 2021[135] ,Financial technology ,Germany,
Rappi ,5.25,July 2021[136] ,Transportation ,Colombia,
Oura Health ,5.2,December 2024[137] ,Wearables ,Finland ,"Petteri Lahtela, Kari Kivelä, and Markku Koskela"
Blockchain.com ,5.2,March 2021[138] ,Cryptocurrency ,United Kingdom,
OneTrust ,5.1,December 2020[139] ,Cybersecurity ,United Kingdom / United States,
SambaNova ,5.1,April 2021[140] ,Artificial intelligence ,United States,
Collibra ,5,January 2019[141] ,Data governance ,Belgium ,"Pieter De Leenheer, Felix Van de Maele, Stijn Christiaens"
Thrasio ,5,October 2021[142] ,Holding company ,United States ,Josh Silberstein and Carlos Cashman
CloudKitchens ,5,November 2019[143] ,Ghost kitchen ,United States,
Hello TransTech ,5,March 2021[144] ,Transportation ,China,
Hopper ,5,August 2021[145] ,Travel ,Canada,
JUUL Labs ,5,October 2019[146] ,Electronic cigarettes ,United States,
OfBusiness ,5,December 2021[147] ,B2B e-commerce ,India ,"Bhuvan Gupta, Vasant Sridhar, Ruchi Kalra, Nitin Jain, Asish Mohapatra"
Ola Electric ,5,January 2022[148] ,Electric vehicles ,India ,Bhavish Aggarwal
Qonto ,5,August 2022[115] ,Finance ,France,
Ro ,5,March 2021[149] ,Health technology ,United States,
Royole ,5,August 2018[150] ,Flexible electronics ,China / United States,
UBtech Robotics ,5,May 2018[151] ,Robotics ,China,
GetBlock ,4.6,06/01/20,Blockchain ,Georgia ,Steven Lloyd
United Imaging ,5,September 2017[152] ,Healthcare ,China,
Zepz ,5,August 2021[153] ,Financial technology ,United Kingdom,
Animoca Brands ,5,January 2022[154] ,Blockchain gaming ,Hong Kong ,Yat Siu
Octopus Energy ,5,December 2021[155] ,Energy supply ,United Kingdom,
Pine Labs ,5,February 2022[156] ,Financial technology ,India ,"Lokvir Kapoor, Rajul Garg, Tarun Upaday"
Meesho ,4.9,September 2021[157] ,E-commerce ,India ,"Vidit Aatrey, Sanjeev Barnwal"
Pleo ,4.7,December 2021[158] ,Financial technology ,Denmark,
Checkr ,4.6,August 2021[159] ,Human resource management ,United States,
Dataiku ,4.6,August 2021[160] ,Artificial intelligence ,France / United States,
Sorare ,4.6,August 2022[115] ,Fantasy sports ,France,
Magic Leap ,4.5,February 2016[1][5] ,Augmented reality ,United States,
Socure ,4.5,November 2021[161] ,Identity management ,United States,
Vinted ,4.5,May 2021[162] ,Marketplace ,Lithuania ,"Milda Mitkutė, Justas Janauskas"
Zenefits ,4.5,May 2015[2][5] ,Human resource management ,United States,
Meizu ,4.4,October 2016[152] ,Consumer electronics ,China,
Outreach ,4.4,June 2021[163] ,Sales ,United States,
Arctic Wolf Networks ,4.3,July 2021[164] ,Cybersecurity ,United States,
Chainalysis ,4.2,June 2021[165] ,Blockchain ,United States,
Relativity Space ,4.2,June 2021[166] ,Aerospace ,United States,
SSENSE ,4.15,June 2021[167] ,E-commerce ,Canada,
Bitpanda ,4.1,August 2021[168] ,Cryptocurrency ,Austria,
Dataminr ,4.1,March 2021[169] ,Data analytics ,United States,
Yello Mobile ,4.05,November 2016[5][170] ,Software industry ,South Korea,
Abnormal Security ,4,May 2022[171] ,Cybersecurity ,United States ,"Evan Reiser, Sanjay Jeyakumar"
AlphaSense ,4,June 2024[172] ,Software ,"Finland, United States ","Jaakko Kokko, Raj Neervannan"
Branch Metrics ,4,February 2022[173] ,Marketing ,United States,
BrowserStack ,4,June 2021[174] ,Software ,India ,"Ritesh Arora, Nakul Aggarwal"
Clubhouse ,4,April 2021[175] ,Messaging ,United States ,Paul Davison and Rohan Seth
Houzz ,4,June 2017[176] ,Interior design ,United States,
Megvii ,4,May 2019[177] ,Technology ,China,
Melio ,4,September 2021[178] ,Financial technology ,Israel,
NEXT Insurance ,4,March 2021[179] ,Insurance ,United States,
Olive ,4,June 2021[180] ,Health technology ,United States,
Patreon ,4,April 2021[181] ,Online membership service ,United States ,"Jack Conte, Sam Yam"
PointClickCare ,4,January 2021[182] ,Software ,Canada,
QuintoAndar ,4,May 2021[183] ,Real estate ,Brazil,
Niantic ,3.95,January 2019[184] ,Video games ,United States,
StockX ,3.8,April 2021[185] ,E-commerce ,United States,
Articulate ,3.75,July 2021[186] ,Educational technology ,United States,
Cohesity ,3.7,March 2021[187] ,Software ,United States,
Noom ,3.7,May 2021[188] ,Healthcare ,United States,
PAPAYA Global ,3.7,September 2021[189] ,Workforce management ,Israel / United States,
ShareChat ,3.7,December 2021[190] ,Social network ,India ,"Ankush Sachdeva, Bhanu Pratap Singh, Farid Ahsan"
WHOOP ,3.6,August 2021[191] ,Wearable technology ,United States,
Shouqi ,3.55,December 2016[152] ,Transportation ,China,
Alchemy ,3.5,October 2021[192] ,Blockchain ,United States,
Coalition ,3.5,September 2021[193] ,Cybersecurity ,United States,
Commure ,3.5,September 2021[194] ,Health technology ,United States,
Digit Insurance ,3.5,July 2021[195] ,Insurance ,India ,Kamesh Goyal
Mirakl ,3.5,September 2021[196] ,Marketplace ,France,
N26 ,3.5,July 2019[197] ,Financial services ,Germany,
OwnBackup ,3.35,August 2021[198] ,Data storage ,United States,
Preferred Networks ,3.33,September 2019[199] ,Artificial intelligence ,Japan,
CARS24 ,3.3,December 2021[200] ,Marketplace ,India ,"Vikram Chopra, Mehul Agrawal, Gajendra Jangid and Ruchit Agarwal"
Kurly ,3.3,July 2021[201] ,E-commerce ,South Korea,
Rubrik ,3.3,January 2019[202] ,Computer storage ,United States ,"Bipul Sinha, Arvind Jain, Soham Mazumdar, Arvind Nithrakashyap"
WeRide ,3.3,June 2021[203] ,Self-driving cars ,China,
Youxia Motors ,3.3,October 2018[204] ,Electric vehicles ,China,
MoonPay ,3.4,November 2021[205] ,Cryptocurrency ,United States,
Upstox ,3.4,November 2021[206] ,Financial technology ,India ,"Ravi Kumar, Kavitha Subramanian, Shrini Viswanath"
Unacademy ,3.4,August 2021[207] ,Educational technology ,India ,Gaurav Munjal
Plus.ai ,3.3,May 2021[208] ,Self-driving trucks ,United States,
Starburst Data ,3.3,February 2022[209] ,Data analytics ,United States ,"Justin Borgman, Matt Fuller, Kamil Bajda-Pawlikowski, Anu Sudarsan, Wojciech Biela, Grzegorz Kokosiński, Lukasz Osipiuk, Martin Traverso[210]"
Thumbtack ,3.2,June 2021[211] ,Software ,United States ,Marco Zappacosta
ApplyBoard ,3.2,June 2021[212] ,Educational technology ,Canada ,"Martin Basiri, Massi Basiri, Meti Basiri"
Blockstream ,3.2,August 2021[213] ,Blockchain ,Canada,
ConsenSys ,3.2,November 2021[214] ,Blockchain ,United States,
Cybereason ,3.2,July 2021[215] ,Cybersecurity ,Israel / United States,
Verkada ,3.2,September 2022[216] ,Physical security ,United States ,"Filip Kailiszan, James Ren, Benjamin Bercowitz, Hans Robertson"
Eruditus ,3.2,August 2021[217] ,Educational technology ,India,
SpotOn ,3.15,September 2021[218] ,Financial technology ,United States,
TiendaNube ,3.1,August 2021[219] ,E-commerce ,Argentina,
SentinelOne ,3.1,November 2020[220] ,Cybersecurity ,United States,
Udaan ,3.1,January 2021[221] ,B2B e-commerce ,India ,"Vaibhav Gupta, Amod Malviya, Sujeet Kumar"
Wildlife ,3,August 2020[222] ,Mobile gaming ,Brazil,
CMR Surgical ,3,January 2021[223] ,Robotics ,United Kingdom,
Traveloka ,3,January 2017[224] ,Travel ,Indonesia,
ActiveCampaign ,3,April 2021[225] ,Marketing ,United States,
"Age of Learning, Inc. ",3,June 2021[226] ,Education ,United States,
Automattic ,3,September 2019[227] ,Internet ,United States ,Matt Mullenweg
Calendly ,3,January 2021[228] ,Software ,United States ,Tope Awotona[229]
Contentful ,3,July 2021[230] ,Content management system ,Germany,
Forter ,3,May 2021[231] ,Software ,Israel / United States,
Grafana Labs ,3,August 2021[232] ,Software ,United States,
Groww ,3,April 2021[233] ,Financial technology ,India ,"Lalit Keshre, Harsh Jain, Ishan Bansal, Neeraj Singh"
Hinge Health ,3,January 2021[234] ,Healthcare ,United States,
Horizon Robotics ,3,February 2018[235] ,Semiconductors ,China,
Lucid Software ,3,June 2021[236] ,Software ,United States,
MessageBird ,3,October 2020[237] ,Cloud communications ,Netherlands,
Seismic ,3,August 2021[238] ,Software ,United States,
Sky Mavis ,3,October 2021[239] ,Video games ,Vietnam,
Souche ,3,September 2018[240] ,Marketplace ,China,
TradingView ,3,October 2021[241] ,Finance ,United Kingdom,
Aiven ,3,May 2022[242] ,Data infrastructure ,Finland ,"Hannu Valtonen, Heikki Nousiainen, Oskari Saarenmaa"
VANCL ,3,February 2014[5] ,E-commerce ,China,
Veepee ,3,August 2022[115] ,E-commerce ,France,
VIPKID ,3,June 2018[243] ,Education ,China,
Warby Parker ,3,August 2020[244] ,Retail ,United States,
Wefox ,3,June 2021[245] ,Insurance ,Germany,
Yixia Technology ,3,November 2016[152] ,Internet media ,China,
OVO ,2.9,March 2019[7] ,Financial technology ,Indonesia,
Workrise ,2.9,May 2021[246] ,Workforce management ,United States,
DriveWealth ,2.85,August 2021[247] ,Financial technology ,United States,
BharatPe ,2.8,August 2021[248] ,Financial technology ,India ,Ashneer Grover
Graphcore ,2.8,December 2020[249] ,Semiconductors ,United Kingdom,
Groq ,2.8,August 2024[250] ,Artificial intelligence ,United States ,Jonathan Ross
Icertis ,2.8,March 2021[251] ,Software ,India / United States ,"Samir Bodas, Monish Darda."
OakNorth ,2.8,February 2019[252] ,Finance ,United Kingdom,
UnionPay ,2.8,October 2016[152] ,Finance ,China,
Urban Company ,2.8,December 2021[253] ,Home services ,India,
Bird ,2.78,October 2019[254] ,Transportation ,United States,
Convoy ,2.75,November 2019[255] ,Trucking ,United States,
Illumio ,2.75,June 2021[256] ,Cybersecurity ,United States,
MasterClass ,2.75,May 2021[257] ,Educational technology ,United States,
Zipline ,2.75,June 2021[258] ,Logistics ,United States,
Dream Games ,2.75,January 2022[259] ,Gaming ,Turkey,
Daangn Market ,2.7,August 2021[260] ,E-commerce ,South Korea,
Tridge ,2.7,August 2022[261] ,Software as a service ,South Korea,
Nextiva ,2.7,September 2021[262] ,Software ,United States,
Tradeshift ,2.7,March 2021[263] ,Financial technology ,United States,
Odoo ,2.63,July 2021[264] ,CRM ,Belgium,
AmWINS Group ,2.6,October 2016[265] ,Insurance ,United States,
ManoMano ,2.6,July 2021[266] ,E-commerce ,France,
Pendo ,2.6,July 2021[267] ,Software ,United States,
Sourcegraph ,2.6,July 2021[268] ,Developer platform ,United States,
Jumpcloud ,2.56,September 2021[269] ,Software ,United States,
Cato Networks ,2.5,October 2021[270] ,Cybersecurity ,Israel,
eToro ,2.5,December 2020[271] ,Financial technology ,Israel ,"Yoni Assia, Ronen Assia, David Ring"
Infra.Market ,2.5,August 2021[272] ,Marketplace ,India ,"Aaditya Sharda, Souvik Sengupta"
DriveNets ,2.5,August 2022[273] ,"Network operating system, Software-defined networking, Software as a service ",Israel ,"Ido Susan, Hillel Kobrinsky"
Lenskart ,2.5,May 2021[274] ,Retail ,India ,"Peyush Bansal, Amit Chaudhary, Sumeet Kapahi"
Monzo ,2.5,June 2019[275] ,Financial services ,United Kingdom,
Ualá ,2.45,11/01/19,Personal finance ,Argentina,
HoneyBook ,2.4,November 2021[276] ,Financial services ,Israel / United States,
BitSight ,2.4,September 2021[277] ,Cybersecurity ,United States ,"Nagarjuna Venna, Stephen Boyer"
Exabeam ,2.4,June 2021[278] ,Cybersecurity ,United States,
Paxos ,2.4,April 2021[279] ,Cryptocurrency ,United States,
Mozido ,2.39,October 2014[5] ,E-commerce ,United States,
Wemakeprice ,2.33,September 2015[280] ,E-commerce ,South Korea ,Huh Min
Headway ,2.3,July 2024[281] ,Healthcare ,United States ,Andrew Adams
Highspot ,2.3,February 2021[282] ,Sales ,United States,
MPL ,2.3,September 2021[283] ,Mobile gaming ,India,
Uptake ,2.3,November 2017[284] ,Asset performance management ,United States,
Algolia ,2.25,June 2021[285] ,Software ,France / United States,
KeepTruckin ,2.25,June 2021[286] ,Logistics ,United States,
Via Transportation ,2.25,March 2020[287] ,Transportation ,United States,
Zume ,2.25,November 2018[288] ,"Food packaging, Logistics ",United States ,"Alex Garden, Julia Collins"
Acorns ,2.2,May 2021[289] ,Financial technology ,United States,
Bitso ,2.2,May 2021[290] ,Cryptocurrency ,Mexico,
Gympass ,2.2,June 2021[291] ,Fitness ,Brazil / United States,
Transmit Security ,2.2,June 2021[292] ,Cybersecurity ,Israel / United States,
Addepar ,2.17,June 2021[293] ,Financial technology ,United States,
Eightfold.ai ,2.1,June 2021[294] ,Artificial intelligence ,United States,
PayFit ,2.1,January 2022[295] ,Software ,France ,"Ghislain de Fontenay, Firmin Zoccchetto, Florian Fournier"
6sense ,2.1,March 2021[296] ,Artificial intelligence ,United States,
C6 Bank ,2.1,December 2020[297] ,Financial services ,Brazil,
Mambu ,2.1,January 2021[298] ,Financial technology ,Germany,
Moveworks ,2.1,June 2021[299] ,Artificial intelligence ,United States,
Nextdoor ,2.1,May 2019[300] ,Social network ,United States,
Webflow ,2.1,January 2021[301] ,Web development ,United States,
bKash ,2,November 2021[302][303] ,Mobile financial services ,Bangladesh ,Kamal Quadir
Babylon Health ,2,August 2019[304] ,Healthcare ,United Kingdom,
Bought By Many ,2,June 2021[305] ,Insurance ,United Kingdom,
FlixMobility ,2,August 2019[306] ,Transportation ,Germany / France,
Tipalti ,2,10/01/20,Financial technology ,United States / Israel,
XtalPi ,2,August 2021[307] ,Pharmaceuticals ,China,
Figure AI ,2,February 2024[308] ,Humanoid robotics ,United States,
Hive ,2,April 2021[309] ,Artificial intelligence ,United States ,"Kevin Guo, Dmitriy Karpman"
Mural ,2,July 2021[310] ,Technology ,Argentina / United States ,Patricio Jutard
AppsFlyer ,2,November 2020[311] ,Mobile marketing analytics ,Israel / United States,
Beijing Weiying Technology ,2,April 2016[5] ,"E-commerce, movie ticket distributor ",China,
BlaBlaCar ,2,April 2021[312] ,Transportation ,France,
Calm ,2,December 2020[313] ,Digital health ,United States ,"Michael Acton Smith, Alex Tew"
Clearco ,2,April 2021[314] ,Financial services ,Canada,
ClickHouse ,2,October 2021[315] ,Database management ,United States,
Clip ,2,June 2021[316] ,Financial technology ,Mexico,
Cockroach Labs ,2,January 2021[317] ,Database management ,United States,
Cognition AI ,2,April 2024[318] ,Artificial intelligence ,United States ,"Scott Wu, Steven Hao, Walden Yan"
Divvy Homes ,2,August 2021[319] ,Real estate technology ,United States,
Druva ,2,April 2021[320] ,Cloud computing ,India / United States,
Exotec ,2,August 2022[115] ,Robotics ,France,
Firstp2p ,2,September 2016[5] ,Financial services ,China,
Formlabs ,2,May 2021[321] ,3D printing ,United States,
Huimin.cn ,2,September 2016[152] ,B2B e-commerce ,China,
Iterable ,2,June 2021[322] ,Marketing ,United States,
Kry ,2,April 2021[323][324] ,Healthcare ,Sweden,
Meicai.cn ,2,June 2016[152] ,"Agriculture, E-commerce ",China,
Mynt ,2,November 2021[325] ,Financial technology ,Philippines,
OPay ,2,August 2021[326] ,Financial technology ,Nigeria,
Oxford Nanopore Technologies ,2,November 2012[327] ,Nanopore sequencing ,United Kingdom,
Sword Health ,2,November 2021[328] ,Health ,Portugal / United States [80] ,"Virgílio Bento, Márcio Colunas"
Taopiaopiao ,2,July 2017[152] ,"E-commerce, movie ticket distributor ",China,
Trendy International Group ,2,February 2012[5][329] ,"Fashion, Retail ",China / Hong Kong,
Unqork ,2,October 2020[330] ,Software development ,United States,
Zerodha ,2,May 2021[331] ,Financial technology ,India,
Instabase ,2,June 2023[332] ,Software ,United States ,Anant Bhardwaj
Zilch ,2,November 2021[333] ,Financial technology ,United Kingdom,
Akulaku ,2,February 2022[334] ,Financial technology ,Indonesia,
Ankorstore ,1.98,August 2022[115] ,Marketplace ,France,
Avant ,1.98,September 2015[5] ,Consumer finance ,United States,
Intarcia Therapeutics ,1.95,September 2016[5] ,Pharmaceutical ,United States,
ThoughtSpot ,1.95,August 2019[335][336] ,Analytics ,United States,
Yinlong Group ,1.95,December 2016[152] ,Energy ,China,
Sanpower Group ,1.93,March 2018[152] ,Holding company ,China,
ZigBang ,1.93,June 2022[337] ,Property technology ,South Korea,
Bunq ,1.9,July 2021[338] ,Financial services ,Netherlands,
CoinSwitch Kuber ,1.9,October 2021[339] ,Cryptocurrency ,India ,"Ashish Singhal, Vimal Sagar Tiwari, Govind Soni"
Dfinity ,1.9,August 2018[340] ,Cloud computing ,Switzerland,
Prosper Marketplace ,1.9,August 2015[5] ,Financial technology ,United States,
Musinsa ,1.89,November 2019[280] ,Fashion ,South Korea,
Apus Group ,1.85,August 2017[152] ,Mobile internet ,China,
BenevolentAI ,1.85,August 2015[5] ,Drug discovery ,United Kingdom,
MEGAZONE ,1.83,Aug 2022[341] ,Cloud computing ,South Korea,
BillDesk ,1.8,November 2018[342] ,Financial technology ,India ,"M.N. Srinivasu, Ajay Kaushal, Karthik Ganapathy"
Landa Digital Printing ,1.8,June 2018[343] ,Printing ,Israel,
Lightricks ,1.8,September 2021[344] ,Software development ,Israel,
NantOmics ,1.8,June 2015[5] ,Biotechnology ,United States,
Orca Security ,1.8,October 2021[345] ,Cybersecurity ,Israel,
Quora ,1.8,April 2017[346] ,Social network ,United States,
Zocdoc ,1.8,August 2015[5] ,Healthcare ,United States,
L&P Cosmetic ,1.78,March 2018[280] ,Cosmetics ,South Korea,
Creditas ,1.75,12/01/20,Financial services ,Brazil,
Spinny ,1.75,November 2021[347] ,Marketplace ,India ,"Niraj Singh, Ramanshu Mahaur, Ganesh Pawar, Mohit Gupta"
Trulioo ,1.75,June 2021[348] ,Identity management ,Canada,
ADVASA ,1.7,January 2023 [349] ,Software ,Japan,
Dragos ,1.7,October 2021[350] ,Cybersecurity ,United States,
Dutchie.com ,1.7,March 2021[351] ,Cannabis ,United States,
GVE ,1.7,January 2023 [349] ,Software ,Japan,
Harness ,1.7,June 2021[352] ,Software ,United States ,Jyoti Bansal
PAX Labs ,1.7,April 2019[353] ,Cannabis ,United States,
Taihe Music Group ,1.7,June 2018[152] ,,China,
Vestiaire Collective ,1.7,September 2021[354] ,Marketplace ,France,
Voodoo ,1.7,August 2022[115] ,Gaming ,France,
VTEX ,1.7,September 2020[355] ,Technology ,Brazil,
Wave ,1.7,September 2021[356] ,Financial technology ,Senegal / United States,
Workato ,1.7,12/01/20,Technology ,United States,
Alan ,1.68,April 2021[357] ,Health technology ,France,
GoStudent ,1.67,June 2021[358] ,Educational technology ,Austria,
Incredible Health ,1.65,August 2022[359] ,Healthcare Technology ,United States ,"Iman Abuzeid, Rome Portlock"
Hibob ,1.65,October 2021[360] ,HR technology ,Israel / United States,
Solarisbank ,1.65,July 2021[361] ,Financial technology ,Germany,
Wayflyer ,1.6,Feb 2022[362] ,Financial technology ,Ireland,
Afiniti ,1.6,May 2017[363] ,Software development ,United States,
Aiways ,1.6,April 2018[152] ,Electric vehicles ,China,
Caocao Zhuanche ,1.6,January 2018[152] ,,China,
Cresta ,1.6,March 2022[4] ,Artificial intelligence ,United States ,"Sebastian Thrun, Tim Shi, Zayd Enam"
Clari ,1.6,March 2021[364] ,Software ,United States,
Clio ,1.6,April 2021[365] ,Legal technology ,Canada,
Cognite ,1.6,05/01/21,Software ,Norway,
HomeLight ,1.6,September 2021[366] ,Real estate ,United States,
Infinidat ,1.6,10/01/17,Data storage ,Israel / United States,
Judo Bank ,1.6,December 2020[367] ,Financial services ,Australia,
Nord Security ,1.6,April 2022[368] ,VPN service ,Lithuania ,"Tom Okman, Eimantas Sabaliauskas, Jonas Karklys"
SafetyCulture ,1.6,May 2021[369] ,Technology ,Australia ,Luke Anear
SmartHR ,1.6,May 2021[370] ,HR technology ,Japan,
Unite Us ,1.6,March 2021[371] ,Healthcare ,United States,
Vanta ,1.6,June 2022[372] ,Cybersecurity ,United States ,Christina Cacioppo
CureFit ,1.56,November 2021[373] ,,India ,"Mukesh Bansal, Ankit Nagori"
HeartFlow ,1.5,February 2018[374] ,,United States,
Aihuishou ,1.5,January 2018[152] ,,China,
Andela ,1.5,September 2021[375] ,Education ,Nigeria/ United States,
Culture Amp ,1.5,July 2021[376] ,Software ,Australia,
"Devo, Inc. ",1.5,October 2021[377] ,Software ,Spain,
Gett ,1.5,May 2019[378] ,Transportation ,Israel,
ID.me ,1.5,March 2021[379] ,Identity verification service ,United States,
Ledger ,1.5,June 2021[380] ,Cryptocurrency ,France,
Matillion ,1.5,September 2021[381] ,Data analytics ,United Kingdom,
MOLOCO ,1.5,August 2021[382] ,Advertising technology ,United States,
Molbio Diagnostics ,1.5,February 2023[383] ,Medical device ,India,
Mu Sigma ,1.5,February 2013[384] ,Management consulting ,India / United States,
NextSilicon ,1.5,June 2021[385] ,Semiconductors ,Israel,
NotCo ,1.5,July 2021[386] ,Food technology ,Chile,
Podium ,1.5,August 2019[387] ,Software ,United States,
Remote ,1.5,July 2021[388] ,Software ,Portugal[389] / United States[80] ,"Marcelo Lebre, Job van der Voort"
Spring Rain Software ,1.5,June 2016[152] ,,China,
Starling Bank ,1.5,March 2021[390] ,Financial technology ,United Kingdom,
Tujia.com ,1.5,October 2017[391][392] ,,China,
5ire ,1.5,July 2022[393] ,Technology ,India ,Pratik Gauri
ZBJ.com ,1.5,June 2015[152] ,,China,
Ascend Money ,1.5,September 2021[394] ,Financial technology ,Thailand,
Hellobike ,1.47,June 2018[152] ,,China,
Suning Sports ,1.47,July 2018[152] ,Holding company ,China,
Koudai Gouwu ,1.45,October 2014[152] ,,China,
M1 Finance ,1.45,July 2021[395] ,Financial technology ,United States,
Zeta ,1.45,May 2021[396] ,Financial technology ,India ,"Bhavin Turakhia, Ramki Gaddipati"
Einride ,1.44,April 2022[80] ,Technology ,Sweden,
Deliverect ,1.4,January 2022[397] ,Ordering software for POS ,Belgium,
Away ,1.4,May 2019[398] ,Retail ,United States,
OneCard ,1.4,July 2022[399] ,Financial technology ,India ,"Anurag Sinha, Rupesh Kumar, Vaibhav Hathi"
Bucketplace ,1.4,May 2022[400] ,Interior design ,South Korea,
Cabify ,1.4,January 2018[401] ,Transportation ,Spain,
Chargebee ,1.4,April 2021[402] ,Financial technology ,India / United States,
Epidemic Sound ,1.4,March 2021[403] ,Music ,Sweden ,"Peer Åström, David Stenmarck, Oscar Höglund, Jan Zachrisson"
FiscalNote ,1.4,May 2021[404] ,Data analytics ,United States ,"Timothy Hwang, Gerald Yao, Jonathan Chen"
Five Star Finance ,1.4,March 2021[405] ,Financial services ,India,
Gupshup ,1.4,April 2021[406] ,Messaging ,India / United States,
IAD ,1.4,Oct 2021[407] ,Real estate ,France,
NetDocuments ,1.4,May 2021[408] ,Software ,United States,
"Panther Labs, Inc. ",1.4,December 2021[409] ,Computer security ,United States ,Jack Naglieri
Pristyn Care ,1.4,December 2021[410] ,Health technology ,India,
"QOMPLX, Inc. ",1.4,03/01/21,Computer security ,United States,
Rebel Foods ,1.4,October 2021[411] ,Ghost kitchen ,India,
Stash ,1.4,February 2021[412] ,Financial technology ,United States,
Symphony ,1.4,June 2019[413][414] ,Software ,United States,
Voyager ,1.4,April 2022[415] ,Financial technology ,Philippines,
Yotpo ,1.4,March 2021[416] ,Marketing ,Israel / United States,
RIDI ,1.33,August 2021[417] ,E-commerce ,South Korea,
Zetwerk ,1.33,August 2021[418] ,,India,
GPClub ,1.32,December 2018[280] ,,South Korea,
DistroKid ,1.3,August 2021[419] ,Music ,United States,
ETCP ,1.3,October 2016[152] ,,China,
Feedzai ,1.3,March 2021[420] ,Artificial intelligence ,Portugal / United States ,Nuno Sebastião
G2 ,1.3,June 2021[421] ,Technology ,United States ,"Tim Handorf, Godard Abel, Matt Gorniak, Mark Myers, Mike Wheeler"
Innovaccer ,1.3,February 2021[422] ,Health care ,India / United States ,"Abhinav Shashank, Kanav Hasija, Sandeep Gupta"
Knotel ,1.3,August 2019[423] ,,United States,
Konfio ,1.3,September 2021[424] ,Financial services ,Mexico,
Kr Space ,1.3,June 2018[152] ,,China,
Yugabyte ,1.3,October 2021[425] ,Database management ,United States,
Cart.com ,1.27,June 2023[426] ,Commerce and logistics ,United States ,"Omair Tariq, Remington Tonar[427]"
Incode ,1.25,December 2021[428] ,Technology ,Mexico,
Applied Intuition ,1.25,October 2020[429] ,Software ,United States,
BigID ,1.25,May 2018[430] ,Cybersecurity ,Israel / United States,
Deel ,1.25,April 2021[431] ,,Israel / United States,
ezCater ,1.25,April 2019[432] ,,United States ,"Stefania Mallett, Briscoe Rodgers"
Iwjw ,1.25,November 2015[152] ,,China,
Marshmallow ,1.25,September 2021[433] ,Insurance ,United Kingdom,
Rec Room ,1.25,March 2021[434] ,Video games ,United States,
Nexii ,1.23,September 2021[435] ,Building services engineering ,Canada,
Spiber ,1.22,September 2021[436] ,Biotechnology ,Japan,
Insider ,1.22,March 2022[437] ,AI-powered SaaS ,Turkey ,Hande Çilingir
Mamaearth ,1.2,January 2022[438] ,Personal care ,India ,Varun Alagh and Ghazal Alagh
Merama ,1.2,December 2021[439] ,E-commerce ,Mexico,
Jokr ,1.2,June 2021[440] ,Transportation ,United States,
Ada ,1.2,May 2021[441] ,Software ,Canada,
Alation ,1.2,June 2021[442] ,Software ,United States ,"Satyen Sangani, Aaron Kalb, Feng Niu, and Venky Ganti"
Apotea ,1.2,April 2021[324] ,E-commerce ,Sweden,
Axonius ,1.2,March 2021[443] ,Cybersecurity ,Israel / United States,
Byton ,1.2,June 2018[152] ,Automotive ,China,
CarDekho ,1.2,October 2021[444] ,Marketplace ,India,
Copado ,1.2,09/01/21,Software ,Spain / United States,
Dada ,1.2,August 2018[152] ,,China,
Dental Monitoring ,1.2,October 2021[445] ,Healthcare ,France,
Deutsche Health ,1.2,August 2020[152] ,,Germany / Russia,
Droom ,1.2,July 2021[446] ,Marketplace ,India ,Sandeep Aggarwal
Fair ,1.2,December 2018[447] ,,United States,
FirstCry ,1.2,February 2020[448] ,E-commerce ,India,
FloQast ,1.2,July 2021[449] ,Software ,United States,
Forto ,1.2,June 2021[450] ,Software ,Germany,
Glossier ,1.2,March 2019[451] ,,United States,
Intercom ,1.2,March 2018[452] ,Software ,United States,
Kyriba ,1.2,October 2021[453] ,Cloud software ,France,
MindTickle ,1.2,August 2021[454] ,Software as a service ,India,
MyGlamm ,1.2,November 2021[455] ,E-commerce ,India,
Triple-1 ,1.2,January 2023 [349] ,Blockchain ,Japan,
Rohlik ,1.2,June 2021[456] ,Retail ,Czech Republic,
upGrad ,1.2,August 2021[457] ,Educational technology ,India,
Workhuman ,1.2,June 2020[458] ,Software ,Ireland,
Sysdig ,1.18,April 2021[459] ,Cybersecurity ,United States,
"3DOM Alliance, Inc. ",1.1,January 2023 [349] ,Battery manufacturing ,Japan,
Physics Wallah ,1.1,June 2022[460] ,Educational technology ,India ,Alakh Pandey
Acko ,1.1,October 2021[461] ,Insurance ,India,
Apna ,1.1,September 2021[462] ,,India,
Carousell ,1.1,September 2021[463] ,Marketplace ,Singapore,
CoinDCX ,1.1,August 2021[464] ,Cryptocurrency ,India ,"Sumit Gupta, Neeraj Khandelwal"
Purplle ,1.1,June 2022[465] ,E-Commerce ,India ,"Manish Taneja, Rahul Dash"
GlobalBees ,1.1,December 2021[466] ,,India,
Luoji Siwei ,1.1,September 2017[152] ,,China,
Nexthink ,1.1,February 2021[467] ,Technology ,Switzerland,
Sisense ,1.1,January 2020[468] ,Business intelligence ,Israel / United States,
Drools ,1.1,January 2023[469] ,Pet food ,India,
SmartNews ,1.1,August 2019[470] ,,Japan,
Trax ,1.1,May 2019[471] ,,Singapore / Israel,
Virta Health ,1.1,December 2020[472] ,Healthcare ,United States,
YouniteD ,1.1,December 2022[473] ,Financial services ,France ,"Charles Égly, Geoffroy Guigou"
Benevity ,1.1,December 2020[474] ,Software as a service ,Canada ,Bryan de Lottinville
Zego ,1.1,March 2021[475] ,Insurance ,United Kingdom,
Rivigo ,1.05,October 2019[476] ,Logistics ,India ,"Deepak Garg, Gazal Kalra"
Aprogen ,1.04,December 2019[337] ,,South Korea,
Character.ai ,1,March 2023[477] ,Artificial Intelligence ,United States ,"Daniel De Freitas, Noam Shazeer"
Pentera ,1,January 2022[478] ,Cybersecurity ,Israel ,"Arik Liberzon, Arik Faingold[479]"
"VectorBuilder, Inc. ",1,"July 26, 2023[480] ",Biotechnology ,United States ,"Bruce Lahn, Kristofer Mussar"
Emplifi ,1,March 2022[481] ,Technology ,"United States, United Kingdom and Europe",
Gymshark ,1,August 2020[482] ,Sportswear ,United Kingdom ,"Ben Francis, Lewis Morgan"
Kopi Kenangan ,1,December 2021[483] ,Coffee shop ,Indonesia,
Clara ,1,December 2021[484] ,Financial technology ,Mexico,
58 Daojia ,1,October 2015[152] ,,China,
Acronis ,1,September 2019[485] ,Software ,Singapore / Switzerland,
Aircall ,1,October 2021[486] ,Cloud ,France,
Ajaib ,1,October 2021[487] ,Financial technology ,Indonesia,
Amber Group ,1,June 2021[488] ,Cryptocurrency ,Hong Kong,
AppDirect ,1,October 2015[489] ,,United States,
Aqua Security ,1,March 2021[490] ,Cloud computing ,Israel,
Asia First Media ,1,September 2019[491] ,Media ,Japan,
Assent Compliance ,1,January 2022[492] ,Supply chain management ,Canada,
Krutrim ,1,26 January 2024[493] ,AI / GPT ,India,
Beibei ,1,June 2016[152] ,E-commerce ,China,
Blackbuck ,1,July 2021[494] ,Logistics ,India,
Back Market ,1,October 2021[495] ,E-commerce ,France,
Bluecore ,1,August 2021[496] ,E-commerce ,United States,
Bringg ,1,June 2021[497] ,Logistics ,Israel,
"Cadence Solutions, Inc. ",1,December 2021[498] ,Healthcare ,United States ,Chris Altchek
Calabrio ,1,March 2021[499] ,Software ,United States,
Carro ,1,June 2021[500] ,Marketplace ,Singapore,
Carsome ,1,July 2021[501] ,Marketplace ,Malaysia,
Chubao Technology ,1,May 2017[152] ,,China,
Dt Dream ,1,June 2017[152] ,,China,
Dunamu ,1,Jul 2021[502] ,Financial technology ,South Korea,
DXY ,1,April 2018[152] ,,China,
Earnix ,1,February 2021[503] ,Financial technology ,Israel,
Ebanx ,1,October 2019[504] ,Financial services ,Brazil,
EMPG ,1,June 2020[505] ,Real estate technology ,United Arab Emirates,
eSentire ,1,Feb 2022[506] ,Cybersecurity ,Canada / United States,
Flash Express ,1,June 2021[507][508] ,Logistics ,Thailand,
Flexe ,1,July 2022[509] ,Logistics ,United States ,Karl Siebrecht
Flutterwave ,1,March 2021[510] ,Financial technology ,Nigeria / United States,
Fractal ,1,01/01/22,Artificial intelligence ,India / United States,
FreshBooks ,1,August 2021[511] ,Accounting software ,Canada,
Frontline Education ,1,September 2017[512] ,,United States,
FXiaoKe ,1,January 2018[152] ,,China,
Gelato ,1,August 2021[513] ,,Norway,
GeoComply ,1,March 2021[514] ,Cybersecurity ,Canada,
GetYourGuide ,1,May 2019[515] ,Travel ,Germany,
Glance ,1,December 2020[516] ,Artificial intelligence ,India,
Go1 ,1,July 2021[517] ,Education ,Australia,
GoGoVan ,1,September 2017[518] ,Technology ,Hong Kong,
Gorillas ,1,March 2021[519] ,Retail ,Germany,
Gousto ,1,11/01/20,Meal kit ,United Kingdom,
Blinkit ,1,June 2021[520] ,Retail ,India,
Grover ,1,April 2022 [521] ,E-commerce ,Germany ,Michael Cassau
Grove Collaborative ,1,09/01/19,,United States,
Hailo ,1,June 2021[522] ,Electronics ,Israel,
HighRadius ,1,January 2020[523] ,Software as a service ,India / United States,
Huikedu Group ,1,May 2018[152] ,,China,
iCarbonX ,1,July 2016[152] ,Healthcare ,China,
IFood ,1,November 2018[524] ,Food delivery ,Brazil,
IGAWorks ,1,Aug 2021[525] ,Advertising technology ,South Korea,
Improbable ,1,May 2017[526] ,Cloud computing ,United Kingdom,
Infobip ,1,July 2020[527] ,Cloud communications ,Croatia ,"Silvio Kutić, Izabel Jelenić, Roberto Kutić"
Injective ,1,April 2021[528] ,Financial technology ,United States ,"Eric Chen, Albert Chon"
InMobi ,1,May 2017[529] ,Internet ,India ,"Naveen Tewari, Mohit Saxena, Amit Gupta and Abhay Singhal"
InVision ,1,November 2017[530] ,,United States,
Ivalua ,1,May 2020[531] ,,France,
Jollychic ,1,May 2018[152] ,,China,
JoyTunes ,1,June 2021[532] ,Music ,Israel,
Kitopi ,1,July 2021[533] ,Ghost kitchen ,United Arab Emirates,
Klook ,1,April 2019[534][535] ,,Hong Kong,
Lamabang ,1,February 2017[152] ,,China,
LetsGetChecked ,1,June 2021[536] ,Healthcare ,Ireland,
Licious ,1,October 2021[537] ,Retail ,India ,"Abhay Hanjura, Vivek Gupta"
Lydia ,1,August 2022[115] ,Finance ,France,
Lilium GmbH ,1,June 2020[538] ,Transportation ,Germany,
LinkSure Network (WiFi Master Key) ,1,January 2015[152] ,,China,
Liquid Group ,1,April 2019[539] ,Cryptocurrency ,Japan,
LMAX Group ,1,July 2021[540] ,Financial technology ,United Kingdom,
Locus Robotics ,1,February 2021[541] ,Robotics ,United States,
Loft Brazil Technology ,1,January 2020[542] ,Real estate ,Brazil,
Lunar ,1,July 2021[543] ,Financial technology ,Denmark,
Loggi ,1,06/01/19,Logistics ,Brazil,
Lookout ,1,August 2014[544] ,Cybersecurity ,United States,
MadeiraMadeira ,1,January 2021[545] ,Furniture ,Brazil,
Maimai ,1,August 2018[546] ,,China,
Matrixport ,1,August 2021[547] ,Cryptocurrency ,Singapore,
Meero ,1,June 2019[548] ,Internet ,France,
Mensa Brands ,1,November 2021[549] ,E-commerce ,India,
Mia.com ,1,October 2016[152] ,,China,
MindMaze ,1,February 2016[550] ,,Switzerland,
MobiKwik ,1,October 2021[551] ,Financial technology ,India,
MobileCoin ,1,August 2021[552] ,Cryptocurrency ,United States,
Mobvoi ,1,October 2015[152] ,Artificial intelligence ,China,
Mofang Apartment ,1,April 2016[152] ,,China,
Moglix ,1,May 2021[553] ,E-commerce ,India / Singapore ,Rahul Garg
Moka ,1,November 2021[554] ,Human resource management ,China,
Morning Consult ,1,June 2021[555] ,,United States,
Ninja Van ,1,September 2021[556] ,Logistics ,Singapore,
Nium ,1,July 2021[557] ,Financial technology ,Singapore,
NoBroker ,1,November 2021[558] ,,India ,"Akhil Gupta, Amit Agarwal, Saurabh Garg"
Numbrs ,1,August 2019[559] ,Financial technology ,Switzerland,
Kredivo ,1,01/01/22,Financial technology ,Indonesia,
OCSiAl ,1,March 2019[560] ,Nanotechnology ,Luxembourg,
Opn (Synqa) ,1,May 2022[561] ,Financial technology ,Japan ,"Jun Hasegawa, Ezra Don Harinsut"
OrCam ,1,February 2018[562] ,Health ,Israel,
PandaDoc ,1,September 2021[563] ,Software as a service ,United States ,"Mikita Mikado, Sergey Barysiuk"
Pantheon Systems ,1,July 2021[564] ,WebOps ,United States,
PatSnap ,1,March 2021[565] ,Intellectual property ,Singapore,
Perimeter 81 ,1,June 2022[566] ,Network security ,Israel ,"Sagi Gidali, Amit Bareket"
Picsart ,1,August 2021[567] ,Graphic design ,Armenia / United States ,"Hovhannes Avoyan, Artavazd Mehrabyan, Mikayel Vardanyan"
Pipedrive ,1,November 2020[568] ,Customer relationship management (CRM) ,Estonia / United States,
Playco ,1,September 2020[569] ,Mobile gaming ,Japan,
"Printful, Inc ",1,May 2021[570] ,Technology ,Latvia,
Redis Labs ,1,August 2020[571] ,Software ,Israel / United States,
REEF Technology ,1,November 2020[572] ,Real estate technology ,United States,
Quizlet ,1,May 2020[573] ,Educational technology ,United States,
Revolution Precrafted ,1,October 2017[574] ,Architecture ,Philippines,
Rubicon Global ,1,September 2017[575] ,Waste management ,United States,
Sennder ,1,January 2021[576] ,Logistics ,Germany,
Shift Technology ,1,May 2021[577] ,Artificial intelligence ,France,
Shippo ,1,June 2021[578] ,,United States ,"Laura Behrens Wu, Simon Kreuz"
Sift ,1,April 2021[579] ,Fraud prevention ,United States,
Slice ,1,November 2021[580] ,Financial technology ,India,
SmartAsset ,1,June 2021[581] ,Financial technology ,United States,
SmartMore ,1,June 2021[582] ,Artificial intelligence ,China,
Snapdeal ,1,May 2017[5] ,E-commerce ,India ,"Rohit Bansal, Kunal Bahl"
Socar ,1,October 2020[583] ,Car sharing ,South Korea,
SoundHound ,1,May 2018[584] ,,United States,
Spendesk ,1,August 2022[115] ,Financial software ,France,
Splashtop ,1,January 2021[585] ,Software ,United States,
Staffbase ,1.1,March 2022[586] ,Software as a service ,Germany ,"Frank Wolf, Lutz Gerlach, Martin Böhringer"
Swile ,1,October 2021[587] ,Financial services ,France,
Synthesia ,1,June 2023[588] ,Artificial intelligence ,United Kingdom ,"Lourdes Agapito, Matthias Niessner, Victor Riparbelli, Steffen Tjerrild"
Tekion ,1,October 2020[589][590] ,Software as a service ,United States,
Tenstorrent ,1,May 2021[591] ,Semiconductors ,Canada,
Tezign ,1,October 2021[592] ,Software ,China,
Tongdun Technology ,1,October 2017[152] ,,China,
Tractable ,1,June 2021[593] ,Artificial intelligence ,United Kingdom,
Tresata ,1,October 2018[594] ,,United States,
TrueLayer ,1,September 2021[595] ,Financial technology ,United Kingdom,
Trustly ,1,June 2020[596] ,Financial technology ,Sweden,
Turo ,1,July 2019[597] ,Car sharing ,United States,
Udacity ,1,November 2015[598] ,Education ,United States,
Unisound ,1,July 2018[152] ,Technology ,China,
Vagaro ,1,November 2021[599] ,Software as a service ,United States ,Fred Fady Helou
Vedantu ,1,September 2021[600] ,Educational technology ,India,
Blibli ,1,12/01/21,E-commerce ,Indonesia,
Verbit ,1,June 2021[601] ,Software ,Israel,
VerSe Innovation ,1,December 2020[602] ,Technology ,India ,Virendra Gupta
Visier ,1,June 2021[603] ,Technology ,Canada,
volocopter ,1,March 2021[604] ,Transportation ,Germany / France,
Vox Media ,1,August 2015[605] ,Digital media ,United States,
VTS ,1,May 2019[606] ,,United States,
Wacai.com ,1,July 2018[152] ,,China,
WeLab ,1,December 2019[607] ,Financial technology ,Hong Kong,
Womai ,1,October 2015[152] ,,China,
Xendit ,1,September 2021[608] ,Financial technology ,Indonesia,
Xiaozhu.com ,1,November 2017[152] ,,China,
YH Global ,1,September 2017[152] ,Telecommunications ,China,
Yidian Zixun ,1,October 2017[152] ,,China,
Yitu Technology ,1,July 2018[152] ,,China,
YunQuNa ,1,May 2021[609] ,Logistics ,China,
Zenoti ,1,December 2020[610] ,Software company ,India / United States,
Zhaogang.com ,1,July 2017[152] ,,China,
Zhuanzhuan ,1,April 2017[152] ,,China,
Zuoyebang ,1,July 2018[152] ,,China,
eFishery ,1,05/01/23,Aquaculture ,Indonesia,
LINE MAN Wongnai ,1,September 2022[152] ,"E-commerce, Food delivery ",Thailand,
ReliaQuest ,1,December 2021[611] ,Cybersecurity ,United States ,Brian Murphy
DANA ,1,09/01/22,Financial technology ,Indonesia,
Nagad ,1,July 2023[612][613] ,Mobile financial services ,Bangladesh ,Tanvir A Mishuk
Deezer ,1,August 2022[115] ,Music ,France,
Ecovadis ,1,August 2022[115] ,"Environmental, social, and corporate governance ",France,
Scandit ,1,February 2022[614] ,Software ,Switzerland ,"Samuel Mueller, Christian Floerkemeier, Christof Roduner"
BlueVoyant ,1,February 2022[615] ,Cybersecurity ,United States ,"Jim Rosenthal, Chris Meissner, Jim Thompson, and Arun Sankaran"
Payhawk ,1,March 2022[616] ,Financial technology ,Bulgaria,
Voi ,1,April 2022[80] ,,Sweden,
Neo Financial ,1,May 2022[617] ,Financial technology ,Canada ,"Andrew Chau, Jeff Adamson, Kris Read"
Stytch ,1,November 2021[618] ,Cybersecurity ,United States ,"Reed McGinley-Stempel, Julianna Lamb"
Epassi ,1,December 2023[619] ,Employee benefits platform ,Finland ,Risto Virkkala
HMD Global ,1,August 2020[620] ,Mobile Devices ,Finland ,Jean-Francois Baril
IQM ,1,July 2022[621] ,Quantum Computing ,Finland ,"Jan Goetz, Mikko Möttönen, Kuan Yen Tan, Juha Vartiainen"
Hostaway ,1,December 2024[622] ,Vacation rental software platform ,Finland ,"Marcus Räder, Saber Kordestanchi, Mikko Nurminen"
Papara ,1,July 2023[623] ,Fintech ,Turkey ,Ahmed Faruk Karslı
